module,model_or_inherit,class_name,field_name,field_type,source_file
tz_api_gateway,tz.lead.config,TzLeadConfig,name,Char,addons/tz_api_gateway/models/lead_source_config.py
tz_api_gateway,tz.lead.config,TzLeadConfig,company_id,Many2one,addons/tz_api_gateway/models/lead_source_config.py
tz_api_gateway,tz.lead.config,TzLeadConfig,active,Boolean,addons/tz_api_gateway/models/lead_source_config.py
tz_api_gateway,tz.lead.config,TzLeadConfig,default_supervisor_id,Many2one,addons/tz_api_gateway/models/lead_source_config.py
tz_api_gateway,tz.lead.config,TzLeadConfig,default_agent_id,Many2one,addons/tz_api_gateway/models/lead_source_config.py
tz_api_gateway,tz.lead.config,TzLeadConfig,supervisor_display_name,Char,addons/tz_api_gateway/models/lead_source_config.py
tz_api_gateway,tz.lead.config,TzLeadConfig,agent_display_name,Char,addons/tz_api_gateway/models/lead_source_config.py
tz_api_gateway,tz.lead.config,TzLeadConfig,integration_ids,One2many,addons/tz_api_gateway/models/lead_source_config.py
tz_api_gateway,tz.lead.config,TzLeadConfig,notes,Text,addons/tz_api_gateway/models/lead_source_config.py
tz_api_gateway,tz.lead.integration,TzLeadIntegration,lead_config_id,Many2one,addons/tz_api_gateway/models/lead_source_config.py
tz_api_gateway,tz.lead.integration,TzLeadIntegration,company_id,Many2one,addons/tz_api_gateway/models/lead_source_config.py
tz_api_gateway,tz.lead.integration,TzLeadIntegration,active,Boolean,addons/tz_api_gateway/models/lead_source_config.py
tz_api_gateway,tz.lead.integration,TzLeadIntegration,name,Char,addons/tz_api_gateway/models/lead_source_config.py
tz_api_gateway,tz.lead.integration,TzLeadIntegration,source_type,Selection,addons/tz_api_gateway/models/lead_source_config.py
tz_api_gateway,tz.lead.integration,TzLeadIntegration,integration_code,Char,addons/tz_api_gateway/models/lead_source_config.py
tz_api_gateway,tz.lead.integration,TzLeadIntegration,api_key,Char,addons/tz_api_gateway/models/lead_source_config.py
tz_api_gateway,tz.lead.integration,TzLeadIntegration,website_domain,Char,addons/tz_api_gateway/models/lead_source_config.py
tz_api_gateway,tz.lead.integration,TzLeadIntegration,meta_page_id,Char,addons/tz_api_gateway/models/lead_source_config.py
tz_api_gateway,tz.lead.integration,TzLeadIntegration,meta_page_name,Char,addons/tz_api_gateway/models/lead_source_config.py
tz_api_gateway,tz.lead.integration,TzLeadIntegration,meta_campaign_id,Char,addons/tz_api_gateway/models/lead_source_config.py
tz_api_gateway,tz.lead.integration,TzLeadIntegration,meta_campaign_name,Char,addons/tz_api_gateway/models/lead_source_config.py
tz_api_gateway,tz.lead.integration,TzLeadIntegration,whatsapp_phone_number_id,Char,addons/tz_api_gateway/models/lead_source_config.py
tz_api_gateway,tz.lead.integration,TzLeadIntegration,whatsapp_business_account_id,Char,addons/tz_api_gateway/models/lead_source_config.py
tz_api_gateway,tz.lead.integration,TzLeadIntegration,notes,Text,addons/tz_api_gateway/models/lead_source_config.py
tz_api_gateway,tz.lead.routing.rule,TzLeadRoutingRule,name,Char,addons/tz_api_gateway/models/lead_routing_rule.py
tz_api_gateway,tz.lead.routing.rule,TzLeadRoutingRule,active,Boolean,addons/tz_api_gateway/models/lead_routing_rule.py
tz_api_gateway,tz.lead.routing.rule,TzLeadRoutingRule,company_id,Many2one,addons/tz_api_gateway/models/lead_routing_rule.py
tz_api_gateway,tz.lead.routing.rule,TzLeadRoutingRule,priority,Integer,addons/tz_api_gateway/models/lead_routing_rule.py
tz_api_gateway,tz.lead.routing.rule,TzLeadRoutingRule,allowed_source_ids,Many2many,addons/tz_api_gateway/models/lead_routing_rule.py
tz_api_gateway,tz.lead.routing.rule,TzLeadRoutingRule,property_type_ids,Many2many,addons/tz_api_gateway/models/lead_routing_rule.py
tz_api_gateway,tz.lead.routing.rule,TzLeadRoutingRule,lead_temperature_ids,Many2many,addons/tz_api_gateway/models/lead_routing_rule.py
tz_api_gateway,tz.lead.routing.rule,TzLeadRoutingRule,preferred_location,Char,addons/tz_api_gateway/models/lead_routing_rule.py
tz_api_gateway,tz.lead.routing.rule,TzLeadRoutingRule,budget_min,Float,addons/tz_api_gateway/models/lead_routing_rule.py
tz_api_gateway,tz.lead.routing.rule,TzLeadRoutingRule,budget_max,Float,addons/tz_api_gateway/models/lead_routing_rule.py
tz_api_gateway,tz.lead.routing.rule,TzLeadRoutingRule,assign_supervisor_id,Many2one,addons/tz_api_gateway/models/lead_routing_rule.py
tz_api_gateway,tz.lead.routing.rule,TzLeadRoutingRule,assign_team_id,Many2one,addons/tz_api_gateway/models/lead_routing_rule.py
tz_api_gateway,tz.lead.routing.rule,TzLeadRoutingRule,assign_agent_id,Many2one,addons/tz_api_gateway/models/lead_routing_rule.py
tz_api_gateway,tz.lead.routing.rule,TzLeadRoutingRule,supervisor_display_name,Char,addons/tz_api_gateway/models/lead_routing_rule.py
tz_api_gateway,tz.lead.routing.rule,TzLeadRoutingRule,agent_display_name,Char,addons/tz_api_gateway/models/lead_routing_rule.py
tz_api_gateway,tz.lead.routing.rule,TzLeadRoutingRule,notes,Text,addons/tz_api_gateway/models/lead_routing_rule.py
tz_api_gateway,tz.property.type,TzPropertyType,name,Char,addons/tz_api_gateway/models/master_data.py
tz_api_gateway,tz.property.type,TzPropertyType,code,Char,addons/tz_api_gateway/models/master_data.py
tz_api_gateway,tz.lead.temperature,TzLeadTemperature,name,Char,addons/tz_api_gateway/models/master_data.py
tz_api_gateway,tz.lead.temperature,TzLeadTemperature,code,Char,addons/tz_api_gateway/models/master_data.py
tz_api_gateway,tz.api.log,TzApiLog,name,Char,addons/tz_api_gateway/models/api_log.py
tz_api_gateway,tz.api.log,TzApiLog,endpoint,Char,addons/tz_api_gateway/models/api_log.py
tz_api_gateway,tz.api.log,TzApiLog,api_key_name,Char,addons/tz_api_gateway/models/api_log.py
tz_api_gateway,tz.api.log,TzApiLog,request_payload,Text,addons/tz_api_gateway/models/api_log.py
tz_api_gateway,tz.api.log,TzApiLog,response_payload,Text,addons/tz_api_gateway/models/api_log.py
tz_api_gateway,tz.api.log,TzApiLog,status,Selection,addons/tz_api_gateway/models/api_log.py
tz_api_gateway,tz.api.log,TzApiLog,http_status,Integer,addons/tz_api_gateway/models/api_log.py
tz_api_gateway,tz.api.log,TzApiLog,lead_id,Many2one,addons/tz_api_gateway/models/api_log.py
tz_api_gateway,tz.api.log,TzApiLog,error_message,Text,addons/tz_api_gateway/models/api_log.py
tz_call_center,tz.call.log,TzCallLog,name,Char,addons/tz_call_center/models/call_log.py
tz_call_center,tz.call.log,TzCallLog,lead_id,Many2one,addons/tz_call_center/models/call_log.py
tz_call_center,tz.call.log,TzCallLog,customer_id,Many2one,addons/tz_call_center/models/call_log.py
tz_call_center,tz.call.log,TzCallLog,agent_id,Many2one,addons/tz_call_center/models/call_log.py
tz_call_center,tz.call.log,TzCallLog,phone_number,Char,addons/tz_call_center/models/call_log.py
tz_call_center,tz.call.log,TzCallLog,call_direction,Selection,addons/tz_call_center/models/call_log.py
tz_call_center,tz.call.log,TzCallLog,call_status,Selection,addons/tz_call_center/models/call_log.py
tz_call_center,tz.call.log,TzCallLog,disposition,Selection,addons/tz_call_center/models/call_log.py
tz_call_center,tz.call.log,TzCallLog,call_datetime,Datetime,addons/tz_call_center/models/call_log.py
tz_call_center,tz.call.log,TzCallLog,duration_seconds,Integer,addons/tz_call_center/models/call_log.py
tz_call_center,tz.call.log,TzCallLog,recording_url,Char,addons/tz_call_center/models/call_log.py
tz_call_center,tz.call.log,TzCallLog,notes,Text,addons/tz_call_center/models/call_log.py
tz_call_center,tz.call.log,TzCallLog,next_followup_date,Datetime,addons/tz_call_center/models/call_log.py
tz_call_center,inherit:crm.lead,CrmLead,call_log_ids,One2many,addons/tz_call_center/models/crm_lead.py
tz_call_center,inherit:crm.lead,CrmLead,call_log_count,Integer,addons/tz_call_center/models/crm_lead.py
tz_commission,inherit:crm.lead,CrmLead,commission_ids,One2many,addons/tz_commission/models/crm_lead.py
tz_commission,inherit:crm.lead,CrmLead,commission_count,Integer,addons/tz_commission/models/crm_lead.py
tz_commission,inherit:crm.lead,CrmLead,total_commission_amount,Float,addons/tz_commission/models/crm_lead.py
tz_commission,inherit:crm.lead,CrmLead,total_agent_commission_amount,Float,addons/tz_commission/models/crm_lead.py
tz_commission,tz.commission,TzCommission,name,Char,addons/tz_commission/models/commission.py
tz_commission,tz.commission,TzCommission,lead_id,Many2one,addons/tz_commission/models/commission.py
tz_commission,tz.commission,TzCommission,customer_id,Many2one,addons/tz_commission/models/commission.py
tz_commission,tz.commission,TzCommission,agent_id,Many2one,addons/tz_commission/models/commission.py
tz_commission,tz.commission,TzCommission,manager_id,Many2one,addons/tz_commission/models/commission.py
tz_commission,tz.commission,TzCommission,company_id,Many2one,addons/tz_commission/models/commission.py
tz_commission,tz.commission,TzCommission,property_unit_id,Many2one,addons/tz_commission/models/commission.py
tz_commission,tz.commission,TzCommission,sale_value,Float,addons/tz_commission/models/commission.py
tz_commission,tz.commission,TzCommission,currency_id,Many2one,addons/tz_commission/models/commission.py
tz_commission,tz.commission,TzCommission,agency_commission_percent,Float,addons/tz_commission/models/commission.py
tz_commission,tz.commission,TzCommission,agency_commission_amount,Monetary,addons/tz_commission/models/commission.py
tz_commission,tz.commission,TzCommission,vat_applicable,Boolean,addons/tz_commission/models/commission.py
tz_commission,tz.commission,TzCommission,vat_percent,Float,addons/tz_commission/models/commission.py
tz_commission,tz.commission,TzCommission,vat_amount,Monetary,addons/tz_commission/models/commission.py
tz_commission,tz.commission,TzCommission,total_receivable_amount,Monetary,addons/tz_commission/models/commission.py
tz_commission,tz.commission,TzCommission,agency_share_percent,Float,addons/tz_commission/models/commission.py
tz_commission,tz.commission,TzCommission,agency_share_amount,Monetary,addons/tz_commission/models/commission.py
tz_commission,tz.commission,TzCommission,external_broker_percent,Float,addons/tz_commission/models/commission.py
tz_commission,tz.commission,TzCommission,external_broker_amount,Monetary,addons/tz_commission/models/commission.py
tz_commission,tz.commission,TzCommission,agent_commission_percent,Float,addons/tz_commission/models/commission.py
tz_commission,tz.commission,TzCommission,agent_commission_amount,Monetary,addons/tz_commission/models/commission.py
tz_commission,tz.commission,TzCommission,manager_override_percent,Float,addons/tz_commission/models/commission.py
tz_commission,tz.commission,TzCommission,manager_override_amount,Monetary,addons/tz_commission/models/commission.py
tz_commission,tz.commission,TzCommission,developer_payout_percent,Float,addons/tz_commission/models/commission.py
tz_commission,tz.commission,TzCommission,developer_payout_amount,Monetary,addons/tz_commission/models/commission.py
tz_commission,tz.commission,TzCommission,total_payout_amount,Monetary,addons/tz_commission/models/commission.py
tz_commission,tz.commission,TzCommission,net_company_commission,Monetary,addons/tz_commission/models/commission.py
tz_commission,tz.commission,TzCommission,milestone_ids,One2many,addons/tz_commission/models/commission.py
tz_commission,tz.commission,TzCommission,paid_amount,Monetary,addons/tz_commission/models/commission.py
tz_commission,tz.commission,TzCommission,remaining_amount,Monetary,addons/tz_commission/models/commission.py
tz_commission,tz.commission,TzCommission,payment_status,Selection,addons/tz_commission/models/commission.py
tz_commission,tz.commission,TzCommission,approval_status,Selection,addons/tz_commission/models/commission.py
tz_commission,tz.commission,TzCommission,customer_invoice_ref,Char,addons/tz_commission/models/commission.py
tz_commission,tz.commission,TzCommission,accounting_entry_ref,Char,addons/tz_commission/models/commission.py
tz_commission,tz.commission,TzCommission,agency_payment_received,Boolean,addons/tz_commission/models/commission.py
tz_commission,tz.commission,TzCommission,approval_note,Text,addons/tz_commission/models/commission.py
tz_commission,tz.commission,TzCommission,payment_note,Text,addons/tz_commission/models/commission.py
tz_commission,tz.commission,TzCommission,accounting_note,Text,addons/tz_commission/models/commission.py
tz_commission,tz.commission,TzCommission,clawback_ids,One2many,addons/tz_commission/models/commission.py
tz_commission,tz.commission,TzCommission,clawback_total,Monetary,addons/tz_commission/models/commission.py
tz_commission,tz.commission,TzCommission,final_payable_amount,Monetary,addons/tz_commission/models/commission.py
tz_commission,tz.commission.milestone,TzCommissionMilestone,commission_id,Many2one,addons/tz_commission/models/commission.py
tz_commission,tz.commission.milestone,TzCommissionMilestone,name,Char,addons/tz_commission/models/commission.py
tz_commission,tz.commission.milestone,TzCommissionMilestone,due_date,Date,addons/tz_commission/models/commission.py
tz_commission,tz.commission.milestone,TzCommissionMilestone,amount,Monetary,addons/tz_commission/models/commission.py
tz_commission,tz.commission.milestone,TzCommissionMilestone,currency_id,Many2one,addons/tz_commission/models/commission.py
tz_commission,tz.commission.milestone,TzCommissionMilestone,status,Selection,addons/tz_commission/models/commission.py
tz_commission,tz.commission.milestone,TzCommissionMilestone,paid_date,Date,addons/tz_commission/models/commission.py
tz_commission,tz.commission.milestone,TzCommissionMilestone,note,Text,addons/tz_commission/models/commission.py
tz_commission,tz.commission.clawback,TzCommissionClawback,commission_id,Many2one,addons/tz_commission/models/commission.py
tz_commission,tz.commission.clawback,TzCommissionClawback,date,Date,addons/tz_commission/models/commission.py
tz_commission,tz.commission.clawback,TzCommissionClawback,reason,Char,addons/tz_commission/models/commission.py
tz_commission,tz.commission.clawback,TzCommissionClawback,amount,Monetary,addons/tz_commission/models/commission.py
tz_commission,tz.commission.clawback,TzCommissionClawback,currency_id,Many2one,addons/tz_commission/models/commission.py
tz_commission,tz.commission.clawback,TzCommissionClawback,status,Selection,addons/tz_commission/models/commission.py
tz_commission,tz.commission.clawback,TzCommissionClawback,note,Text,addons/tz_commission/models/commission.py
tz_crm_base,inherit:crm.lead,CrmLead,source_channel,Selection,addons/tz_crm_base/models/crm_lead.py
tz_dashboard,tz.lead.history,TzLeadHistory,lead_id,Many2one,addons/tz_dashboard/models/lead_history.py
tz_dashboard,tz.lead.history,TzLeadHistory,team_id,Many2one,addons/tz_dashboard/models/lead_history.py
tz_dashboard,tz.lead.history,TzLeadHistory,supervisor_id,Many2one,addons/tz_dashboard/models/lead_history.py
tz_dashboard,tz.lead.history,TzLeadHistory,agent_id,Many2one,addons/tz_dashboard/models/lead_history.py
tz_dashboard,tz.lead.history,TzLeadHistory,visible_agent_ids,Many2many,addons/tz_dashboard/models/lead_history.py
tz_dashboard,tz.lead.history,TzLeadHistory,event_type,Selection,addons/tz_dashboard/models/lead_history.py
tz_dashboard,tz.lead.history,TzLeadHistory,field_name,Char,addons/tz_dashboard/models/lead_history.py
tz_dashboard,tz.lead.history,TzLeadHistory,old_value,Text,addons/tz_dashboard/models/lead_history.py
tz_dashboard,tz.lead.history,TzLeadHistory,new_value,Text,addons/tz_dashboard/models/lead_history.py
tz_dashboard,tz.lead.history,TzLeadHistory,old_agent_id,Many2one,addons/tz_dashboard/models/lead_history.py
tz_dashboard,tz.lead.history,TzLeadHistory,new_agent_id,Many2one,addons/tz_dashboard/models/lead_history.py
tz_dashboard,tz.lead.history,TzLeadHistory,performed_by_id,Many2one,addons/tz_dashboard/models/lead_history.py
tz_dashboard,tz.lead.history,TzLeadHistory,event_time,Datetime,addons/tz_dashboard/models/lead_history.py
tz_dashboard,tz.lead.history,TzLeadHistory,sla_deadline,Datetime,addons/tz_dashboard/models/lead_history.py
tz_dashboard,tz.lead.history,TzLeadHistory,rescue_deadline,Datetime,addons/tz_dashboard/models/lead_history.py
tz_dashboard,tz.lead.history,TzLeadHistory,note,Text,addons/tz_dashboard/models/lead_history.py
tz_dashboard,tz.agent.performance,TzAgentPerformance,name,Char,addons/tz_dashboard/models/agent_performance.py
tz_dashboard,tz.agent.performance,TzAgentPerformance,date_from,Date,addons/tz_dashboard/models/agent_performance.py
tz_dashboard,tz.agent.performance,TzAgentPerformance,date_to,Date,addons/tz_dashboard/models/agent_performance.py
tz_dashboard,tz.agent.performance,TzAgentPerformance,agent_id,Many2one,addons/tz_dashboard/models/agent_performance.py
tz_dashboard,tz.agent.performance,TzAgentPerformance,total_leads,Integer,addons/tz_dashboard/models/agent_performance.py
tz_dashboard,tz.agent.performance,TzAgentPerformance,contacted_leads,Integer,addons/tz_dashboard/models/agent_performance.py
tz_dashboard,tz.agent.performance,TzAgentPerformance,won_leads,Integer,addons/tz_dashboard/models/agent_performance.py
tz_dashboard,tz.agent.performance,TzAgentPerformance,lost_leads,Integer,addons/tz_dashboard/models/agent_performance.py
tz_dashboard,tz.agent.performance,TzAgentPerformance,overdue_followups,Integer,addons/tz_dashboard/models/agent_performance.py
tz_dashboard,tz.agent.performance,TzAgentPerformance,stuck_leads,Integer,addons/tz_dashboard/models/agent_performance.py
tz_dashboard,tz.agent.performance,TzAgentPerformance,avg_response_time_hours,Float,addons/tz_dashboard/models/agent_performance.py
tz_dashboard,tz.agent.performance,TzAgentPerformance,conversion_rate,Float,addons/tz_dashboard/models/agent_performance.py
tz_dashboard,tz.agent.performance,TzAgentPerformance,performance_score,Float,addons/tz_dashboard/models/agent_performance.py
tz_dashboard,inherit:res.users,ResUsers,supervisor_id,Many2one,addons/tz_dashboard/models/crm_lead.py
tz_dashboard,inherit:crm.lead,CrmLead,lead_category_id,Many2one,addons/tz_dashboard/models/crm_lead.py
tz_dashboard,inherit:crm.lead,CrmLead,conversion_stage,Selection,addons/tz_dashboard/models/crm_lead.py
tz_dashboard,inherit:crm.lead,CrmLead,conversion_stage_date,Datetime,addons/tz_dashboard/models/crm_lead.py
tz_dashboard,inherit:crm.lead,CrmLead,deal_value,Float,addons/tz_dashboard/models/crm_lead.py
tz_dashboard,inherit:crm.lead,CrmLead,first_response_date,Datetime,addons/tz_dashboard/models/crm_lead.py
tz_dashboard,inherit:crm.lead,CrmLead,response_time_hours,Float,addons/tz_dashboard/models/crm_lead.py
tz_dashboard,inherit:crm.lead,CrmLead,sla_deadline,Datetime,addons/tz_dashboard/models/crm_lead.py
tz_dashboard,inherit:crm.lead,CrmLead,sla_status,Selection,addons/tz_dashboard/models/crm_lead.py
tz_dashboard,inherit:crm.lead,CrmLead,sla_rescue_user_id,Many2one,addons/tz_dashboard/models/crm_lead.py
tz_dashboard,inherit:crm.lead,CrmLead,sla_rescue_assigned_date,Datetime,addons/tz_dashboard/models/crm_lead.py
tz_dashboard,inherit:crm.lead,CrmLead,sla_rescue_deadline,Datetime,addons/tz_dashboard/models/crm_lead.py
tz_dashboard,inherit:crm.lead,CrmLead,sla_rescue_status,Selection,addons/tz_dashboard/models/crm_lead.py
tz_dashboard,inherit:crm.lead,CrmLead,next_followup_date,Datetime,addons/tz_dashboard/models/crm_lead.py
tz_dashboard,inherit:crm.lead,CrmLead,followup_status,Selection,addons/tz_dashboard/models/crm_lead.py
tz_dashboard,inherit:crm.lead,CrmLead,lead_age_days,Integer,addons/tz_dashboard/models/crm_lead.py
tz_dashboard,inherit:crm.lead,CrmLead,stage_age_days,Integer,addons/tz_dashboard/models/crm_lead.py
tz_dashboard,inherit:crm.lead,CrmLead,is_stuck,Boolean,addons/tz_dashboard/models/crm_lead.py
tz_dashboard,tz.crm.dashboard,TzCrmDashboard,name,Char,addons/tz_dashboard/models/dashboard.py
tz_dashboard,tz.crm.dashboard,TzCrmDashboard,date_from,Date,addons/tz_dashboard/models/dashboard.py
tz_dashboard,tz.crm.dashboard,TzCrmDashboard,date_to,Date,addons/tz_dashboard/models/dashboard.py
tz_dashboard,tz.crm.dashboard,TzCrmDashboard,agent_id,Many2one,addons/tz_dashboard/models/dashboard.py
tz_dashboard,tz.crm.dashboard,TzCrmDashboard,source_id,Many2one,addons/tz_dashboard/models/dashboard.py
tz_dashboard,tz.crm.dashboard,TzCrmDashboard,campaign_id,Many2one,addons/tz_dashboard/models/dashboard.py
tz_dashboard,tz.crm.dashboard,TzCrmDashboard,total_leads,Integer,addons/tz_dashboard/models/dashboard.py
tz_dashboard,tz.crm.dashboard,TzCrmDashboard,contacted_leads,Integer,addons/tz_dashboard/models/dashboard.py
tz_dashboard,tz.crm.dashboard,TzCrmDashboard,site_visit_leads,Integer,addons/tz_dashboard/models/dashboard.py
tz_dashboard,tz.crm.dashboard,TzCrmDashboard,negotiation_leads,Integer,addons/tz_dashboard/models/dashboard.py
tz_dashboard,tz.crm.dashboard,TzCrmDashboard,won_leads,Integer,addons/tz_dashboard/models/dashboard.py
tz_dashboard,tz.crm.dashboard,TzCrmDashboard,lost_leads,Integer,addons/tz_dashboard/models/dashboard.py
tz_dashboard,tz.crm.dashboard,TzCrmDashboard,lead_to_visit_rate,Float,addons/tz_dashboard/models/dashboard.py
tz_dashboard,tz.crm.dashboard,TzCrmDashboard,lead_to_won_rate,Float,addons/tz_dashboard/models/dashboard.py
tz_dashboard,tz.crm.dashboard,TzCrmDashboard,revenue_won,Float,addons/tz_dashboard/models/dashboard.py
tz_dashboard,tz.crm.dashboard,TzCrmDashboard,pipeline_value,Float,addons/tz_dashboard/models/dashboard.py
tz_dashboard,tz.crm.dashboard,TzCrmDashboard,best_campaign,Char,addons/tz_dashboard/models/dashboard.py
tz_dashboard,tz.crm.dashboard,TzCrmDashboard,worst_campaign,Char,addons/tz_dashboard/models/dashboard.py
tz_dashboard,tz.supervisor.dashboard,TzSupervisorDashboard,name,Char,addons/tz_dashboard/models/supervisor_dashboard.py
tz_dashboard,tz.supervisor.dashboard,TzSupervisorDashboard,supervisor_id,Many2one,addons/tz_dashboard/models/supervisor_dashboard.py
tz_dashboard,tz.supervisor.dashboard,TzSupervisorDashboard,date_from,Date,addons/tz_dashboard/models/supervisor_dashboard.py
tz_dashboard,tz.supervisor.dashboard,TzSupervisorDashboard,date_to,Date,addons/tz_dashboard/models/supervisor_dashboard.py
tz_dashboard,tz.supervisor.dashboard,TzSupervisorDashboard,total_agent_reminders,Integer,addons/tz_dashboard/models/supervisor_dashboard.py
tz_dashboard,tz.supervisor.dashboard,TzSupervisorDashboard,overdue_reminders,Integer,addons/tz_dashboard/models/supervisor_dashboard.py
tz_dashboard,tz.supervisor.dashboard,TzSupervisorDashboard,sla_breached_leads,Integer,addons/tz_dashboard/models/supervisor_dashboard.py
tz_dashboard,tz.supervisor.dashboard,TzSupervisorDashboard,stuck_leads,Integer,addons/tz_dashboard/models/supervisor_dashboard.py
tz_dashboard,tz.supervisor.dashboard,TzSupervisorDashboard,agent_ids,Many2many,addons/tz_dashboard/models/supervisor_dashboard.py
tz_dashboard,tz.lead.category,TzLeadCategory,name,Char,addons/tz_dashboard/models/lead_category.py
tz_dashboard,tz.lead.category,TzLeadCategory,sequence,Integer,addons/tz_dashboard/models/lead_category.py
tz_dashboard,tz.lead.category,TzLeadCategory,active,Boolean,addons/tz_dashboard/models/lead_category.py
tz_lead_assignment,inherit:crm.lead,CrmLead,agent_owner_id,Many2one,addons/tz_lead_assignment/models/crm_lead.py
tz_lead_assignment,tz.lead.assignment.rule,TzLeadAssignmentRule,name,Char,addons/tz_lead_assignment/models/assignment_rule.py
tz_lead_assignment,tz.lead.assignment.rule,TzLeadAssignmentRule,active,Boolean,addons/tz_lead_assignment/models/assignment_rule.py
tz_lead_assignment,tz.lead.assignment.rule,TzLeadAssignmentRule,team_id,Many2one,addons/tz_lead_assignment/models/assignment_rule.py
tz_lead_assignment,tz.lead.assignment.rule,TzLeadAssignmentRule,assignment_type,Selection,addons/tz_lead_assignment/models/assignment_rule.py
tz_lead_assignment,tz.lead.assignment.rule,TzLeadAssignmentRule,assignment_sequence,Integer,addons/tz_lead_assignment/models/assignment_rule.py
tz_lead_assignment,tz.lead.assignment.rule,TzLeadAssignmentRule,agent_ids,Many2many,addons/tz_lead_assignment/models/assignment_rule.py
tz_lead_assignment,tz.lead.assignment.rule,TzLeadAssignmentRule,location,Char,addons/tz_lead_assignment/models/assignment_rule.py
tz_lead_assignment,tz.lead.assignment.rule,TzLeadAssignmentRule,performance_weight,Float,addons/tz_lead_assignment/models/assignment_rule.py
tz_live_tracking,inherit:res.users,ResUsers,tz_tracking_enabled,Boolean,addons/tz_live_tracking/models/res_users.py
tz_live_tracking,inherit:res.users,ResUsers,tz_tracking_status,Selection,addons/tz_live_tracking/models/res_users.py
tz_live_tracking,inherit:res.users,ResUsers,tz_last_latitude,Float,addons/tz_live_tracking/models/res_users.py
tz_live_tracking,inherit:res.users,ResUsers,tz_last_longitude,Float,addons/tz_live_tracking/models/res_users.py
tz_live_tracking,inherit:res.users,ResUsers,tz_last_accuracy,Float,addons/tz_live_tracking/models/res_users.py
tz_live_tracking,inherit:res.users,ResUsers,tz_last_seen,Datetime,addons/tz_live_tracking/models/res_users.py
tz_live_tracking,inherit:res.users,ResUsers,tz_location_tracking_enabled,Boolean,addons/tz_live_tracking/models/res_users.py
tz_live_tracking,inherit:res.users,ResUsers,tz_location_token,Char,addons/tz_live_tracking/models/res_users.py
tz_live_tracking,tz.live.tracking.config,TzLiveTrackingConfig,name,Char,addons/tz_live_tracking/models/live_tracking_config.py
tz_live_tracking,tz.live.tracking.config,TzLiveTrackingConfig,update_interval_seconds,Integer,addons/tz_live_tracking/models/live_tracking_config.py
tz_live_tracking,tz.live.tracking.config,TzLiveTrackingConfig,online_threshold_seconds,Integer,addons/tz_live_tracking/models/live_tracking_config.py
tz_live_tracking,tz.live.tracking.config,TzLiveTrackingConfig,tracking_enabled,Boolean,addons/tz_live_tracking/models/live_tracking_config.py
tz_live_tracking,tz.user.location,TzUserLocation,user_id,Many2one,addons/tz_live_tracking/models/user_location.py
tz_live_tracking,tz.user.location,TzUserLocation,latitude,Float,addons/tz_live_tracking/models/user_location.py
tz_live_tracking,tz.user.location,TzUserLocation,longitude,Float,addons/tz_live_tracking/models/user_location.py
tz_live_tracking,tz.user.location,TzUserLocation,accuracy,Float,addons/tz_live_tracking/models/user_location.py
tz_live_tracking,tz.user.location,TzUserLocation,battery_level,Float,addons/tz_live_tracking/models/user_location.py
tz_live_tracking,tz.user.location,TzUserLocation,last_seen,Datetime,addons/tz_live_tracking/models/user_location.py
tz_live_tracking,tz.user.location,TzUserLocation,supervisor_id,Many2one,addons/tz_live_tracking/models/user_location.py
tz_live_tracking,tz.user.location.history,TzUserLocationHistory,user_id,Many2one,addons/tz_live_tracking/models/user_location.py
tz_live_tracking,tz.user.location.history,TzUserLocationHistory,latitude,Float,addons/tz_live_tracking/models/user_location.py
tz_live_tracking,tz.user.location.history,TzUserLocationHistory,longitude,Float,addons/tz_live_tracking/models/user_location.py
tz_live_tracking,tz.user.location.history,TzUserLocationHistory,accuracy,Float,addons/tz_live_tracking/models/user_location.py
tz_live_tracking,tz.user.location.history,TzUserLocationHistory,battery_level,Float,addons/tz_live_tracking/models/user_location.py
tz_live_tracking,tz.user.location.history,TzUserLocationHistory,tracked_at,Datetime,addons/tz_live_tracking/models/user_location.py
tz_live_tracking,tz.user.location.history,TzUserLocationHistory,supervisor_id,Many2one,addons/tz_live_tracking/models/user_location.py
tz_property_inventory,tz.property.unit,TzPropertyUnit,name,Char,addons/tz_property_inventory/models/property_unit.py
tz_property_inventory,tz.property.unit,TzPropertyUnit,unit_number,Char,addons/tz_property_inventory/models/property_unit.py
tz_property_inventory,tz.property.unit,TzPropertyUnit,project_id,Many2one,addons/tz_property_inventory/models/property_unit.py
tz_property_inventory,tz.property.unit,TzPropertyUnit,building_id,Many2one,addons/tz_property_inventory/models/property_unit.py
tz_property_inventory,tz.property.unit,TzPropertyUnit,developer_id,Many2one,addons/tz_property_inventory/models/property_unit.py
tz_property_inventory,tz.property.unit,TzPropertyUnit,city,Char,addons/tz_property_inventory/models/property_unit.py
tz_property_inventory,tz.property.unit,TzPropertyUnit,area,Char,addons/tz_property_inventory/models/property_unit.py
tz_property_inventory,tz.property.unit,TzPropertyUnit,property_type,Selection,addons/tz_property_inventory/models/property_unit.py
tz_property_inventory,tz.property.unit,TzPropertyUnit,bedrooms,Selection,addons/tz_property_inventory/models/property_unit.py
tz_property_inventory,tz.property.unit,TzPropertyUnit,bathrooms,Integer,addons/tz_property_inventory/models/property_unit.py
tz_property_inventory,tz.property.unit,TzPropertyUnit,size_sqft,Float,addons/tz_property_inventory/models/property_unit.py
tz_property_inventory,tz.property.unit,TzPropertyUnit,sale_price,Float,addons/tz_property_inventory/models/property_unit.py
tz_property_inventory,tz.property.unit,TzPropertyUnit,rent_price,Float,addons/tz_property_inventory/models/property_unit.py
tz_property_inventory,tz.property.unit,TzPropertyUnit,availability,Selection,addons/tz_property_inventory/models/property_unit.py
tz_property_inventory,tz.property.unit,TzPropertyUnit,owner_id,Many2one,addons/tz_property_inventory/models/property_unit.py
tz_property_inventory,tz.property.unit,TzPropertyUnit,assigned_agent_id,Many2one,addons/tz_property_inventory/models/property_unit.py
tz_property_inventory,tz.property.unit,TzPropertyUnit,listing_ids,One2many,addons/tz_property_inventory/models/property_unit.py
tz_property_inventory,tz.property.unit,TzPropertyUnit,active,Boolean,addons/tz_property_inventory/models/property_unit.py
tz_property_inventory,tz.property.unit,TzPropertyUnit,display_price,Float,addons/tz_property_inventory/models/property_unit.py
tz_property_inventory,tz.property.building,TzPropertyBuilding,name,Char,addons/tz_property_inventory/models/property_building.py
tz_property_inventory,tz.property.building,TzPropertyBuilding,project_id,Many2one,addons/tz_property_inventory/models/property_building.py
tz_property_inventory,tz.property.building,TzPropertyBuilding,developer_id,Many2one,addons/tz_property_inventory/models/property_building.py
tz_property_inventory,tz.property.building,TzPropertyBuilding,city,Char,addons/tz_property_inventory/models/property_building.py
tz_property_inventory,tz.property.building,TzPropertyBuilding,area,Char,addons/tz_property_inventory/models/property_building.py
tz_property_inventory,tz.property.building,TzPropertyBuilding,address,Char,addons/tz_property_inventory/models/property_building.py
tz_property_inventory,tz.property.building,TzPropertyBuilding,floors,Integer,addons/tz_property_inventory/models/property_building.py
tz_property_inventory,tz.property.building,TzPropertyBuilding,amenities,Text,addons/tz_property_inventory/models/property_building.py
tz_property_inventory,tz.property.building,TzPropertyBuilding,unit_ids,One2many,addons/tz_property_inventory/models/property_building.py
tz_property_inventory,tz.property.building,TzPropertyBuilding,unit_count,Integer,addons/tz_property_inventory/models/property_building.py
tz_property_inventory,inherit:crm.lead,CrmLead,matching_unit_count,Integer,addons/tz_property_inventory/models/crm_lead.py
tz_property_inventory,tz.property.listing,TzPropertyListing,name,Char,addons/tz_property_inventory/models/property_listing.py
tz_property_inventory,tz.property.listing,TzPropertyListing,unit_id,Many2one,addons/tz_property_inventory/models/property_listing.py
tz_property_inventory,tz.property.listing,TzPropertyListing,project_id,Many2one,addons/tz_property_inventory/models/property_listing.py
tz_property_inventory,tz.property.listing,TzPropertyListing,building_id,Many2one,addons/tz_property_inventory/models/property_listing.py
tz_property_inventory,tz.property.listing,TzPropertyListing,area,Char,addons/tz_property_inventory/models/property_listing.py
tz_property_inventory,tz.property.listing,TzPropertyListing,property_type,Selection,addons/tz_property_inventory/models/property_listing.py
tz_property_inventory,tz.property.listing,TzPropertyListing,listing_type,Selection,addons/tz_property_inventory/models/property_listing.py
tz_property_inventory,tz.property.listing,TzPropertyListing,listing_price,Float,addons/tz_property_inventory/models/property_listing.py
tz_property_inventory,tz.property.listing,TzPropertyListing,portal_reference,Char,addons/tz_property_inventory/models/property_listing.py
tz_property_inventory,tz.property.listing,TzPropertyListing,status,Selection,addons/tz_property_inventory/models/property_listing.py
tz_property_inventory,tz.property.listing,TzPropertyListing,published_date,Date,addons/tz_property_inventory/models/property_listing.py
tz_property_inventory,tz.property.listing,TzPropertyListing,description,Text,addons/tz_property_inventory/models/property_listing.py
tz_property_inventory,tz.property.project,TzPropertyProject,name,Char,addons/tz_property_inventory/models/property_project.py
tz_property_inventory,tz.property.project,TzPropertyProject,developer_id,Many2one,addons/tz_property_inventory/models/property_project.py
tz_property_inventory,tz.property.project,TzPropertyProject,city,Char,addons/tz_property_inventory/models/property_project.py
tz_property_inventory,tz.property.project,TzPropertyProject,area,Char,addons/tz_property_inventory/models/property_project.py
tz_property_inventory,tz.property.project,TzPropertyProject,project_type,Selection,addons/tz_property_inventory/models/property_project.py
tz_property_inventory,tz.property.project,TzPropertyProject,completion_status,Selection,addons/tz_property_inventory/models/property_project.py
tz_property_inventory,tz.property.project,TzPropertyProject,handover_date,Date,addons/tz_property_inventory/models/property_project.py
tz_property_inventory,tz.property.project,TzPropertyProject,description,Text,addons/tz_property_inventory/models/property_project.py
tz_property_inventory,tz.property.project,TzPropertyProject,building_ids,One2many,addons/tz_property_inventory/models/property_project.py
tz_property_inventory,tz.property.project,TzPropertyProject,unit_ids,One2many,addons/tz_property_inventory/models/property_project.py
tz_property_inventory,tz.property.project,TzPropertyProject,building_count,Integer,addons/tz_property_inventory/models/property_project.py
tz_property_inventory,tz.property.project,TzPropertyProject,unit_count,Integer,addons/tz_property_inventory/models/property_project.py
tz_realestate_leads,inherit:crm.lead,CrmLead,property_type,Selection,addons/tz_realestate_leads/models/crm_lead.py
tz_realestate_leads,inherit:crm.lead,CrmLead,preferred_location,Char,addons/tz_realestate_leads/models/crm_lead.py
tz_realestate_leads,inherit:crm.lead,CrmLead,budget_min,Float,addons/tz_realestate_leads/models/crm_lead.py
tz_realestate_leads,inherit:crm.lead,CrmLead,budget_max,Float,addons/tz_realestate_leads/models/crm_lead.py
tz_realestate_leads,inherit:crm.lead,CrmLead,buying_purpose,Selection,addons/tz_realestate_leads/models/crm_lead.py
tz_realestate_leads,inherit:crm.lead,CrmLead,lead_temperature,Selection,addons/tz_realestate_leads/models/crm_lead.py
tz_realestate_leads,inherit:crm.lead,CrmLead,lead_score,Integer,addons/tz_realestate_leads/models/crm_lead.py
tz_realestate_leads,inherit:crm.lead,CrmLead,whatsapp_status,Selection,addons/tz_realestate_leads/models/crm_lead.py
tz_realestate_leads,inherit:crm.lead,CrmLead,call_status,Selection,addons/tz_realestate_leads/models/crm_lead.py
tz_realestate_leads,inherit:crm.lead,CrmLead,site_visit_status,Selection,addons/tz_realestate_leads/models/crm_lead.py
tz_realestate_leads,inherit:crm.lead,CrmLead,next_followup_date,Datetime,addons/tz_realestate_leads/models/crm_lead.py
tz_realestate_leads,inherit:crm.lead,CrmLead,lost_reason_detail,Text,addons/tz_realestate_leads/models/crm_lead.py
tz_site_visit,inherit:crm.lead,CrmLead,site_visit_ids,One2many,addons/tz_site_visit/models/crm_lead.py
tz_site_visit,inherit:crm.lead,CrmLead,site_visit_count,Integer,addons/tz_site_visit/models/crm_lead.py
tz_site_visit,tz.site.visit,TzSiteVisit,name,Char,addons/tz_site_visit/models/site_visit.py
tz_site_visit,tz.site.visit,TzSiteVisit,lead_id,Many2one,addons/tz_site_visit/models/site_visit.py
tz_site_visit,tz.site.visit,TzSiteVisit,customer_id,Many2one,addons/tz_site_visit/models/site_visit.py
tz_site_visit,tz.site.visit,TzSiteVisit,agent_id,Many2one,addons/tz_site_visit/models/site_visit.py
tz_site_visit,tz.site.visit,TzSiteVisit,property_unit_id,Many2one,addons/tz_site_visit/models/site_visit.py
tz_site_visit,tz.site.visit,TzSiteVisit,visit_datetime,Datetime,addons/tz_site_visit/models/site_visit.py
tz_site_visit,tz.site.visit,TzSiteVisit,status,Selection,addons/tz_site_visit/models/site_visit.py
tz_site_visit,tz.site.visit,TzSiteVisit,feedback,Text,addons/tz_site_visit/models/site_visit.py
tz_site_visit,tz.site.visit,TzSiteVisit,next_action,Text,addons/tz_site_visit/models/site_visit.py
tz_site_visit,tz.site.visit,TzSiteVisit,property_type,Selection,addons/tz_site_visit/models/site_visit.py
tz_site_visit,tz.site.visit,TzSiteVisit,area,Char,addons/tz_site_visit/models/site_visit.py
tz_site_visit,tz.site.visit,TzSiteVisit,sale_price,Float,addons/tz_site_visit/models/site_visit.py
tz_whatsapp,inherit:crm.lead,CrmLead,whatsapp_message_ids,One2many,addons/tz_whatsapp/models/crm_lead.py
tz_whatsapp,inherit:crm.lead,CrmLead,whatsapp_message_count,Integer,addons/tz_whatsapp/models/crm_lead.py
tz_whatsapp,tz.whatsapp.message,TzWhatsappMessage,name,Char,addons/tz_whatsapp/models/whatsapp_message.py
tz_whatsapp,tz.whatsapp.message,TzWhatsappMessage,lead_id,Many2one,addons/tz_whatsapp/models/whatsapp_message.py
tz_whatsapp,tz.whatsapp.message,TzWhatsappMessage,customer_id,Many2one,addons/tz_whatsapp/models/whatsapp_message.py
tz_whatsapp,tz.whatsapp.message,TzWhatsappMessage,agent_id,Many2one,addons/tz_whatsapp/models/whatsapp_message.py
tz_whatsapp,tz.whatsapp.message,TzWhatsappMessage,phone_number,Char,addons/tz_whatsapp/models/whatsapp_message.py
tz_whatsapp,tz.whatsapp.message,TzWhatsappMessage,direction,Selection,addons/tz_whatsapp/models/whatsapp_message.py
tz_whatsapp,tz.whatsapp.message,TzWhatsappMessage,template_name,Char,addons/tz_whatsapp/models/whatsapp_message.py
tz_whatsapp,tz.whatsapp.message,TzWhatsappMessage,message_body,Text,addons/tz_whatsapp/models/whatsapp_message.py
tz_whatsapp,tz.whatsapp.message,TzWhatsappMessage,status,Selection,addons/tz_whatsapp/models/whatsapp_message.py
tz_whatsapp,tz.whatsapp.message,TzWhatsappMessage,message_datetime,Datetime,addons/tz_whatsapp/models/whatsapp_message.py
tz_whatsapp,tz.whatsapp.message,TzWhatsappMessage,external_message_id,Char,addons/tz_whatsapp/models/whatsapp_message.py
tz_whatsapp,tz.whatsapp.message,TzWhatsappMessage,failure_reason,Text,addons/tz_whatsapp/models/whatsapp_message.py
